,label,score
0,very_negative,0.03336802124977112
1,negative,0.22913435101509094
2,nutral,0.5404686331748962
3,positive,0.1692531704902649
4,very_positive,0.027775846421718597
