{"valid_accuracy": 0.8446866485013624, "valid_f1": 0.87248322147651, "valid_precision": 0.875748502994012, "valid_recall": 0.8692421991084696}