{"valid_accuracy": 0.8383287920072662, "valid_f1": 0.8679525222551928, "valid_precision": 0.8666666666666667, "valid_recall": 0.8692421991084696}